x,y_true,y_pred
1234,123456,123456
12345,123456,123456
123456,123456,123456
pass,password,passss
passw,password,passws
passwo,password,passwor
asswor,password,asswor
ssword,password,ssword
1234,12345678,123456
12345,12345678,123456
123456,12345678,123456
234567,12345678,234567
345678,12345678,345678
1234,1234,123456
puss,pussy,pusssn
pussy,pussy,pussyt
1234,12345,123456
12345,12345,123456
drag,dragon,drager
drago,dragon,dragon
dragon,dragon,dragon
qwer,qwerty,qwerer
qwert,qwerty,qwerty
qwerty,qwerty,qwerty
6969,696969,696977
69696,696969,696969
696969,696969,696969
must,mustang,muster
musta,mustang,mustar
mustan,mustang,mustan
ustang,mustang,ustang
letm,letmein,letmer
letme,letmein,letmer
letmei,letmein,letmein
etmein,letmein,etmein
base,baseball,baseer
baseb,baseball,basebe
baseba,baseball,baseba
asebal,baseball,asebal
seball,baseball,seball
mast,master,master
maste,master,master
master,master,master
mich,michael,micher
micha,michael,michaa
michae,michael,michae
ichael,michael,ichael
foot,football,footer
footb,football,footbe
footba,football,footba
ootbal,football,ootball
otball,football,otball
shad,shadow,shadon
shado,shadow,shadon
shadow,shadow,shadow
monk,monkey,monker
monke,monkey,monker
monkey,monkey,monkey
abc1,abc123,abc123
abc12,abc123,abc123
abc123,abc123,abc123
pass,pass,passss
fuck,fuckme,fucker
fuckm,fuckme,fuckme
fuckme,fuckme,fuckme
6969,6969,696977
jord,jordan,jordan
jorda,jordan,jordan
jordan,jordan,jordan
harl,harley,harler
harle,harley,harler
harley,harley,harley
rang,ranger,ranger
range,ranger,ranger
ranger,ranger,ranger
iwan,iwantu,iwaner
iwant,iwantu,iwants
iwantu,iwantu,iwantu
jenn,jennifer,jenner
jenni,jennifer,jennis
jennif,jennifer,jennif
ennife,jennifer,ennife
nnifer,jennifer,nnifer
hunt,hunter,hunter
hunte,hunter,hunter
hunter,hunter,hunter
fuck,fuck,fucker
2000,2000,200000
test,test,tester
batm,batman,batmer
batma,batman,batman
batman,batman,batman
trus,trustno1,trusss
trust,trustno1,trusts
trustn,trustno1,trustn
rustno,trustno1,rustno1
ustno1,trustno1,ustno1
thom,thomas,thomer
thoma,thomas,thomas
thomas,thomas,thomas
tigg,tigger,tigger
tigge,tigger,tigger
tigger,tigger,tigger
robe,robert,robert
rober,robert,robert
robert,robert,robert
acce,access,acceer
acces,access,accese
access,access,access
love,love,lovert
bust,buster,buster
buste,buster,buster
buster,buster,buster
1234,1234567,123456
12345,1234567,123456
123456,1234567,123456
234567,1234567,234567
socc,soccer,soccer
socce,soccer,soccer
soccer,soccer,soccer
hock,hockey,hockey
hocke,hockey,hockey
hockey,hockey,hockey
kill,killer,killer
kille,killer,killer
killer,killer,killer
geor,george,georer
georg,george,george
george,george,george
sexy,sexy,sexyer
andr,andrew,andrea
andre,andrew,andrea
andrew,andrew,andrew
char,charlie,charer
charl,charlie,charle
charli,charlie,charlie
harlie,charlie,harlie
supe,superman,supere
super,superman,supere
superm,superman,superm
uperma,superman,uperma
perman,superman,perman
assh,asshole,asshhh
assho,asshole,asshon
asshol,asshole,asshole
sshole,asshole,sshole
fuck,fuckyou,fucker
fucky,fuckyou,fuckyy
fuckyo,fuckyou,fuckyou
uckyou,fuckyou,uckyou
dall,dallas,daller
dalla,dallas,dallas
dallas,dallas,dallas
jess,jessica,jessss
jessi,jessica,jessin
jessic,jessica,jessic
essica,jessica,essica
pant,panties,panter
panti,panties,pantiin
pantie,panties,pantie
anties,panties,anties
pepp,pepper,pepper
peppe,pepper,pepper
pepper,pepper,pepper
1111,1111,111111
aust,austin,auster
austi,austin,austin
austin,austin,austin
will,william,willer
willi,william,willie
willia,william,willia
illiam,william,illiam
dani,daniel,danier
danie,daniel,danier
daniel,daniel,daniell
golf,golfer,golfer
golfe,golfer,golfer
golfer,golfer,golfer
summ,summer,summer
summe,summer,summer
summer,summer,summer
heat,heather,heater
heath,heather,heathh
heathe,heather,heather
eather,heather,eather
hamm,hammer,hammer
hamme,hammer,hammer
hammer,hammer,hammer
yank,yankees,yanker
yanke,yankees,yanker
yankee,yankees,yankee
ankees,yankees,ankees
josh,joshua,josher
joshu,joshua,joshua
joshua,joshua,joshua
magg,maggie,magger
maggi,maggie,maggin
maggie,maggie,maggie
bite,biteme,biters
bitem,biteme,biteme
biteme,biteme,biteme
ente,enter,entere
enter,enter,entere
ashl,ashley,ashley
ashle,ashley,ashley
ashley,ashley,ashley
thun,thunder,thuner
thund,thunder,thundd
thunde,thunder,thunde
hunder,thunder,hunder
cowb,cowboy,cowboo
cowbo,cowboy,cowboo
cowboy,cowboy,cowboy
silv,silver,silver
silve,silver,silver
silver,silver,silver
rich,richard,richer
richa,richard,richaa
richar,richard,richar
ichard,richard,ichard
fuck,fucker,fucker
fucke,fucker,fucker
fucker,fucker,fucker
oran,orange,oraner
orang,orange,orange
orange,orange,orange
merl,merlin,merler
merli,merlin,merlin
merlin,merlin,merlin
mich,michelle,micher
miche,michelle,micher
michel,michelle,michelle
ichell,michelle,ichelle
chelle,michelle,chelle
corv,corvette,corver
corve,corvette,corver
corvet,corvette,corvet
orvett,corvette,orvett
rvette,corvette,rvette
bigd,bigdog,bigddy
bigdo,bigdog,bigdon
bigdog,bigdog,bigdog
chee,cheese,cheeer
chees,cheese,cheess
cheese,cheese,cheese
matt,matthew,matter
matth,matthew,matthh
matthe,matthew,matthe
atthew,matthew,atthew
1212,121212,121212
12121,121212,121212
121212,121212,121212
patr,patrick,patrrn
patri,patrick,patrin
patric,patrick,patric
atrick,patrick,atrick
mart,martin,marter
marti,martin,martin
martin,martin,martin
free,freedom,freeer
freed,freedom,freedy
freedo,freedom,freedom
reedom,freedom,reedom
ging,ginger,ginger
ginge,ginger,ginger
ginger,ginger,ginger
blow,blowjob,blower
blowj,blowjob,blowje
blowjo,blowjob,blowjo
lowjob,blowjob,lowjob
nico,nicole,nicole
nicol,nicole,nicole
nicole,nicole,nicole
spar,sparky,sparke
spark,sparky,sparke
sparky,sparky,sparky
yell,yellow,yellow
yello,yellow,yellow
yellow,yellow,yellow
cama,camaro,camaro
camar,camaro,camaro
camaro,camaro,camaro
secr,secret,secrer
secre,secret,secrer
secret,secret,secret
dick,dick,dicker
falc,falcon,falcon
falco,falcon,falcon
falcon,falcon,falcon
tayl,taylor,tayler
taylo,taylor,taylon
taylor,taylor,taylor
1111,111111,111111
11111,111111,111111
111111,111111,111111
1313,131313,131312
13131,131313,131312
131313,131313,131313
1231,123123,123123
12312,123123,123123
123123,123123,123123
bitc,bitch,bitche
bitch,bitch,bitche
hell,hello,heller
hello,hello,hellon
scoo,scooter,scooon
scoot,scooter,scoott
scoote,scooter,scooter
cooter,scooter,cooter
plea,please,pleass
pleas,please,pleass
please,please,please
pors,porsche,porsss
porsc,porsche,porsca
porsch,porsche,porsche
orsche,porsche,orsche
guit,guitar,guiter
guita,guitar,guitar
guitar,guitar,guitar
chel,chelsea,cheley
chels,chelsea,chelss
chelse,chelsea,chelse
helsea,chelsea,helsea
blac,black,blacke
black,black,blacke
diam,diamond,diamer
diamo,diamond,diamoo
diamon,diamond,diamon
iamond,diamond,iamond
nasc,nascar,nascan
nasca,nascar,nascan
nascar,nascar,nascar
jack,jackson,jackey
jacks,jackson,jackss
jackso,jackson,jackson
ackson,jackson,ackson
came,cameron,cameer
camer,cameron,camerr
camero,cameron,cameron
ameron,cameron,ameron
6543,654321,654321
65432,654321,654321
654321,654321,654321
comp,computer,comper
compu,computer,compue
comput,computer,comput
ompute,computer,omputer
mputer,computer,mputer
aman,amanda,amandy
amand,amanda,amandy
amanda,amanda,amanda
wiza,wizard,wizard
wizar,wizard,wizard
wizard,wizard,wizard
xxxx,xxxxxxxx,xxxxxx
xxxxx,xxxxxxxx,xxxxxx
xxxxxx,xxxxxxxx,xxxxxx
xxxxxx,xxxxxxxx,xxxxxx
xxxxxx,xxxxxxxx,xxxxxx
mone,money,monert
money,money,moneyt
phoe,phoenix,phoers
phoen,phoenix,phoenn
phoeni,phoenix,phoeni
hoenix,phoenix,hoenix
mick,mickey,mickey
micke,mickey,mickey
mickey,mickey,mickey
bail,bailey,bailey
baile,bailey,bailey
bailey,bailey,bailey
knig,knight,kniger
knigh,knight,knighe
knight,knight,knight
icem,iceman,icemer
icema,iceman,iceman
iceman,iceman,iceman
tige,tigers,tigers
tiger,tigers,tigers
tigers,tigers,tigers
purp,purple,purple
purpl,purple,purple
purple,purple,purple
andr,andrea,andrea
andre,andrea,andrea
andrea,andrea,andrea
horn,horny,horner
horny,horny,hornys
dako,dakota,dakoer
dakot,dakota,dakota
dakota,dakota,dakota
aaaa,aaaaaa,aaaaaa
aaaaa,aaaaaa,aaaaaa
aaaaaa,aaaaaa,aaaaaa
play,player,player
playe,player,player
player,player,player
suns,sunshine,sunsss
sunsh,sunshine,sunshs
sunshi,sunshine,sunshin
unshin,sunshine,unshin
nshine,sunshine,nshine
morg,morgan,morger
morga,morgan,morgan
morgan,morgan,morgan
star,starwars,starer
starw,starwars,starwr
starwa,starwars,starwars
tarwar,starwars,tarwar
arwars,starwars,arwars
boom,boomer,boomer
boome,boomer,boomer
boomer,boomer,boomer
cowb,cowboys,cowboo
cowbo,cowboys,cowboo
cowboy,cowboys,cowboy
owboys,cowboys,owboys
edwa,edward,edwaro
edwar,edward,edwaro
edward,edward,edward
char,charles,charer
charl,charles,charle
charle,charles,charle
harles,charles,harles
girl,girls,girler
girls,girls,girlss
boob,booboo,booboo
boobo,booboo,booboo
booboo,booboo,booboo
coff,coffee,coffer
coffe,coffee,coffer
coffee,coffee,coffee
xxxx,xxxxxx,xxxxxx
xxxxx,xxxxxx,xxxxxx
xxxxxx,xxxxxx,xxxxxx
bull,bulldog,buller
bulld,bulldog,bulldd
bulldo,bulldog,bulldog
ulldog,bulldog,ulldog
ncc1,ncc1701,ncc111
ncc17,ncc1701,ncc177
ncc170,ncc1701,ncc1701
cc1701,ncc1701,cc1701
rabb,rabbit,rabber
rabbi,rabbit,rabbit
rabbit,rabbit,rabbit
pean,peanut,peanut
peanu,peanut,peanut
peanut,peanut,peanut
john,john,johner
john,johnny,johner
johnn,johnny,johnny
johnny,johnny,johnny
gand,gandalf,gandda
ganda,gandalf,gandaa
gandal,gandalf,gandalf
andalf,gandalf,andalf
span,spanky,spanky
spank,spanky,spanky
spanky,spanky,spanky
wint,winter,winter
winte,winter,winter
winter,winter,winter
bran,brandy,brandy
brand,brandy,brandy
brandy,brandy,brandy
comp,compaq,comper
compa,compaq,compaq
compaq,compaq,compaq
carl,carlos,carler
carlo,carlos,carlon
carlos,carlos,carlos
tenn,tennis,tenner
tenni,tennis,tennis
tennis,tennis,tennis
jame,james,jamers
james,james,jamesa
mike,mike,mikers
bran,brandon,brandy
brand,brandon,brandy
brando,brandon,brandon
randon,brandon,randon
fend,fender,fendda
fende,fender,fender
fender,fender,fender
anth,anthony,anthhe
antho,anthony,anthon
anthon,anthony,anthon
nthony,anthony,nthony
blow,blowme,blower
blowm,blowme,blowme
blowme,blowme,blowme
ferr,ferrari,ferrer
ferra,ferrari,ferran
ferrar,ferrari,ferrar
errari,ferrari,errari
cook,cookie,cooker
cooki,cookie,cookie
cookie,cookie,cookie
chic,chicken,chicca
chick,chicken,chicke
chicke,chicken,chicke
hicken,chicken,hicken
mave,maverick,maveer
maver,maverick,mavere
maveri,maverick,maverick
averic,maverick,averic
verick,maverick,verick
chic,chicago,chicca
chica,chicago,chican
chicag,chicago,chicag
hicago,chicago,hicago
jose,joseph,josers
josep,joseph,josepn
joseph,joseph,joseph
diab,diablo,diaboo
diabl,diablo,diablo
diablo,diablo,diablo
sexs,sexsex,sexssx
sexse,sexsex,sexsex
sexsex,sexsex,sexsex
hard,hardcore,harddy
hardc,hardcore,hardcn
hardco,hardcore,hardcor
ardcor,hardcore,ardcor
rdcore,hardcore,rdcore
6666,666666,666666
66666,666666,666666
666666,666666,666666
will,willie,willer
willi,willie,willie
willie,willie,willie
welc,welcome,welccr
welco,welcome,welcon
welcom,welcome,welcome
elcome,welcome,elcome
chri,chris,chrier
chris,chris,chriss
pant,panther,panter
panth,panther,panthh
panthe,panther,panthe
anther,panther,anther
yama,yamaha,yamaha
yamah,yamaha,yamaha
yamaha,yamaha,yamaha
just,justin,juster
justi,justin,justin
justin,justin,justin
bana,banana,banana
banan,banana,banana
banana,banana,banana
driv,driver,driver
drive,driver,driver
driver,driver,driver
mari,marine,marier
marin,marine,marina
marine,marine,marine
ange,angels,angela
angel,angels,angela
angels,angels,angels
fish,fishing,fisher
fishi,fishing,fishie
fishin,fishing,fishin
ishing,fishing,ishing
davi,david,davier
david,david,davidr
madd,maddog,maddon
maddo,maddog,maddon
maddog,maddog,maddog
hoot,hooters,hooter
hoote,hooters,hooter
hooter,hooters,hooter
ooters,hooters,ooters
wils,wilson,wilsss
wilso,wilson,wilson
wilson,wilson,wilson
butt,butthead,butter
butth,butthead,butthe
butthe,butthead,butthe
utthea,butthead,utthea
tthead,butthead,tthead
denn,dennis,denner
denni,dennis,dennis
dennis,dennis,dennis
fuck,fucking,fucker
fucki,fucking,fuckie
fuckin,fucking,fuckin
ucking,fucking,ucking
capt,captain,capter
capta,captain,captaa
captai,captain,captain
aptain,captain,aptain
bigd,bigdick,bigddy
bigdi,bigdick,bigdie
bigdic,bigdick,bigdic
igdick,bigdick,igdick
ches,chester,chesss
chest,chester,chestt
cheste,chester,cheste
hester,chester,hester
smok,smokey,smoker
smoke,smokey,smoker
smokey,smokey,smokey
xavi,xavier,xavier
xavie,xavier,xavier
xavier,xavier,xavier
stev,steven,stever
steve,steven,stever
steven,steven,steven
viki,viking,vikine
vikin,viking,vikine
viking,viking,viking
snoo,snoopy,snoopy
snoop,snoopy,snoopy
snoopy,snoopy,snoopy
blue,blue,bluers
eagl,eagles,eagler
eagle,eagles,eagler
eagles,eagles,eagles
winn,winner,winner
winne,winner,winner
winner,winner,winner
sama,samantha,samana
saman,samantha,samana
samant,samantha,samant
amanth,samantha,amanth
mantha,samantha,mantha
hous,house,houser
house,house,houser
mill,miller,miller
mille,miller,miller
miller,miller,miller
flow,flower,flower
flowe,flower,flower
flower,flower,flower
jack,jack,jackey
fire,firebird,firers
fireb,firebird,firebe
firebi,firebird,firebi
irebir,firebird,irebir
rebird,firebird,rebird
butt,butter,butter
butte,butter,butter
butter,butter,butter
unit,united,uniter
unite,united,uniter
united,united,united
turt,turtle,turter
turtl,turtle,turtle
turtle,turtle,turtle
stee,steelers,steeer
steel,steelers,steele
steele,steelers,steele
teeler,steelers,teeler
eelers,steelers,eelers
tiff,tiffany,tiffer
tiffa,tiffany,tiffan
tiffan,tiffany,tiffan
iffany,tiffany,iffany
zxcv,zxcvbn,zxcver
zxcvb,zxcvbn,zxcvbn
zxcvbn,zxcvbn,zxcvbn
tomc,tomcat,tomcat
tomca,tomcat,tomcat
tomcat,tomcat,tomcat
golf,golf,golfer
bond,bond007,bondde
bond0,bond007,bond01
bond00,bond007,bond007
ond007,bond007,ond007
bear,bear,bearer
tige,tiger,tigers
tiger,tiger,tigers
doct,doctor,docter
docto,doctor,doctor
doctor,doctor,doctor
gate,gateway,gaters
gatew,gateway,gateww
gatewa,gateway,gateway
ateway,gateway,ateway
gato,gators,gatoer
gator,gators,gators
gators,gators,gators
ange,angel,angela
angel,angel,angela
juni,junior,junier
junio,junior,junior
junior,junior,junior
thx1,thx1138,thx111
thx11,thx1138,thx111
thx113,thx1138,thx1133
hx1138,thx1138,hx1138
porn,porno,porner
porno,porno,pornon
badb,badboy,badber
badbo,badboy,badboy
badboy,badboy,badboy
debb,debbie,debbit
debbi,debbie,debbit
debbie,debbie,debbie
spid,spider,spider
spide,spider,spider
spider,spider,spider
meli,melissa,meliie
melis,melissa,meliss
meliss,melissa,meliss
elissa,melissa,elissa
boog,booger,booger
booge,booger,booger
booger,booger,booger
1212,1212,121212
flye,flyers,flyers
flyer,flyers,flyers
flyers,flyers,flyers
fish,fish,fisher
porn,porn,porner
matr,matrix,matrer
matri,matrix,matrin
matrix,matrix,matrix
teen,teens,teener
teens,teens,teenss
scoo,scooby,scooon
scoob,scooby,scooby
scooby,scooby,scooby
jaso,jason,jasoer
jason,jason,jasona
walt,walter,walter
walte,walter,walter
walter,walter,walter
cums,cumshot,cumsss
cumsh,cumshot,cumshh
cumsho,cumshot,cumshot
umshot,cumshot,umshot
bost,boston,boster
bosto,boston,boston
boston,boston,boston
brav,braves,bravin
brave,braves,braver
braves,braves,braves
yank,yankee,yanker
yanke,yankee,yanker
yankee,yankee,yankee
love,lover,lovert
lover,lover,lovert
barn,barney,barner
barne,barney,barner
barney,barney,barney
vict,victor,victer
victo,victor,victon
victor,victor,victor
tuck,tucker,tucker
tucke,tucker,tucker
tucker,tucker,tucker
prin,princess,priner
princ,princess,princn
prince,princess,prince
rinces,princess,rinces
incess,princess,incess
merc,mercedes,mercan
merce,mercedes,mercer
merced,mercedes,merced
ercede,mercedes,ercede
rcedes,mercedes,rcedes
5150,5150,515056
dogg,doggie,dogger
doggi,doggie,doggie
doggie,doggie,doggie
zzzz,zzzzzz,zzzzzz
zzzzz,zzzzzz,zzzzzz
zzzzzz,zzzzzz,zzzzzz
gunn,gunner,gunner
gunne,gunner,gunner
gunner,gunner,gunner
horn,horney,horner
horne,horney,horner
horney,horney,horney
bubb,bubba,bubbaa
bubba,bubba,bubbaa
2112,2112,211211
fred,fred,freddy
john,johnson,johner
johns,johnson,johnss
johnso,johnson,johnson
ohnson,johnson,ohnson
xxxx,xxxxx,xxxxxx
xxxxx,xxxxx,xxxxxx
tits,tits,titsss
memb,member,member
membe,member,member
member,member,member
boob,boobs,booboo
boobs,boobs,boobss
dona,donald,donaaa
donal,donald,donald
donald,donald,donald
bigd,bigdaddy,bigddy
bigda,bigdaddy,bigdan
bigdad,bigdaddy,bigdad
igdadd,bigdaddy,igdadd
gdaddy,bigdaddy,gdaddy
bron,bronco,broner
bronc,bronco,bronco
bronco,bronco,bronco
peni,penis,penier
penis,penis,penisa
voya,voyager,voyaan
voyag,voyager,voyagg
voyage,voyager,voyage
oyager,voyager,oyager
rang,rangers,ranger
range,rangers,ranger
ranger,rangers,ranger
angers,rangers,angers
bird,birdie,birdoe
birdi,birdie,birdie
birdie,birdie,birdie
trou,trouble,trouer
troub,trouble,troube
troubl,trouble,trouble
rouble,trouble,rouble
whit,white,whiter
white,white,whiter
topg,topgun,topger
topgu,topgun,topgun
topgun,topgun,topgun
bigt,bigtits,bigter
bigti,bigtits,bigtin
bigtit,bigtits,bigtit
igtits,bigtits,igtits
bitc,bitches,bitche
bitch,bitches,bitche
bitche,bitches,bitche
itches,bitches,itches
gree,green,greeer
green,green,greene
supe,super,supere
super,super,supere
qazw,qazwsx,qazwsx
qazws,qazwsx,qazwsx
qazwsx,qazwsx,qazwsx
magi,magic,magina
magic,magic,magica
lake,lakers,lakers
laker,lakers,lakers
lakers,lakers,lakers
rach,rachel,racher
rache,rachel,racher
rachel,rachel,rachel
slay,slayer,slayer
slaye,slayer,slayer
slayer,slayer,slayer
scot,scott,scottt
scott,scott,scottt
2222,2222,222233
asdf,asdf,asdfer
vide,video,vidert
video,video,videon
lond,london,londor
londo,london,londor
london,london,london
7777,7777,777777
marl,marlboro,marler
marlb,marlboro,marlbn
marlbo,marlboro,marlbo
arlbor,marlboro,arlbor
rlboro,marlboro,rlboro
srin,srinivas,sriner
srini,srinivas,srinie
sriniv,srinivas,sriniv
riniva,srinivas,rinivas
inivas,srinivas,inivas
inte,internet,intere
inter,internet,intere
intern,internet,intern
nterne,internet,nterne
ternet,internet,ternet
acti,action,actiin
actio,action,action
action,action,action
cart,carter,carter
carte,carter,carter
carter,carter,carter
jasp,jasper,jasper
jaspe,jasper,jasper
jasper,jasper,jasper
mons,monster,monsss
monst,monster,monstt
monste,monster,monster
onster,monster,onster
tere,teresa,terers
teres,teresa,teresa
teresa,teresa,teresa
jere,jeremy,jerers
jerem,jeremy,jereme
jeremy,jeremy,jeremy
1111,11111111,111111
11111,11111111,111111
111111,11111111,111111
111111,11111111,111111
111111,11111111,111111
bill,bill,biller
crys,crystal,cryssr
cryst,crystal,crystt
crysta,crystal,crystal
rystal,crystal,rystal
pete,peter,peters
peter,peter,peters
puss,pussies,pusssn
pussi,pussies,pussin
pussie,pussies,pussie
ussies,pussies,ussies
cock,cock,cocker
beer,beer,beerer
rock,rocket,rocker
rocke,rocket,rocker
rocket,rocket,rocket
them,theman,themer
thema,theman,theman
theman,theman,theman
oliv,oliver,oliver
olive,oliver,oliver
oliver,oliver,oliver
prin,prince,priner
princ,prince,princn
prince,prince,prince
beac,beach,beachh
beach,beach,beachh
amat,amateur,amater
amate,amateur,amater
amateu,amateur,amateu
mateur,amateur,mateur
7777,7777777,777777
77777,7777777,777777
777777,7777777,777777
777777,7777777,777777
muff,muffin,muffer
muffi,muffin,muffin
muffin,muffin,muffin
reds,redsox,redsdr
redso,redsox,redsox
redsox,redsox,redsox
star,star,starer
test,testing,tester
testi,testing,testin
testin,testing,testin
esting,testing,esting
shan,shannon,shaner
shann,shannon,shanny
shanno,shannon,shannon
hannon,shannon,hannon
murp,murphy,murper
murph,murphy,murphe
murphy,murphy,murphy
fran,frank,franer
frank,frank,franke
hann,hannah,hanner
hanna,hannah,hannah
hannah,hannah,hannah
dave,dave,davera
eagl,eagle1,eagler
eagle,eagle1,eagler
eagle1,eagle1,eagle1
1111,11111,111111
11111,11111,111111
moth,mother,mother
mothe,mother,mother
mother,mother,mother
nath,nathan,nather
natha,nathan,nathan
nathan,nathan,nathan
raid,raiders,raiddr
raide,raiders,raider
raider,raiders,raider
aiders,raiders,aiders
stev,steve,stever
steve,steve,stever
fore,forever,forers
forev,forever,forever
foreve,forever,forever
orever,forever,orever
ange,angela,angela
angel,angela,angela
angela,angela,angela
vipe,viper,vipere
viper,viper,vipere
ou81,ou812,ou8123
ou812,ou812,ou8123
jake,jake,jakers
love,lovers,lovert
lover,lovers,lovert
lovers,lovers,lovers
suck,suckit,sucker
sucki,suckit,suckie
suckit,suckit,suckit
greg,gregory,greger
grego,gregory,gregon
gregor,gregory,gregor
regory,gregory,regory
budd,buddy,budddy
buddy,buddy,buddyt
what,whatever,whater
whate,whatever,whater
whatev,whatever,whatever
hateve,whatever,hatever
atever,whatever,atever
youn,young,youner
young,young,younge
nich,nicholas,nicher
nicho,nicholas,nichon
nichol,nicholas,nichol
ichola,nicholas,ichola
cholas,nicholas,cholas
luck,lucky,lucker
lucky,lucky,luckyy
help,helpme,helper
helpm,helpme,helpme
helpme,helpme,helpme
jack,jackie,jackey
jacki,jackie,jackie
jackie,jackie,jackie
moni,monica,monier
monic,monica,monica
monica,monica,monica
midn,midnight,midner
midni,midnight,midnin
midnig,midnight,midnig
idnigh,midnight,idnigh
dnight,midnight,dnight
coll,college,coller
colle,college,coller
colleg,college,colleg
ollege,college,ollege
baby,baby,babyer
cunt,cunt,cunter
bria,brian,briana
brian,brian,briana
mark,mark,marker
star,startrek,starer
start,startrek,startre
startr,startrek,startre
tartre,startrek,tartre
artrek,startrek,artrek
sier,sierra,sierer
sierr,sierra,sierra
sierra,sierra,sierra
leat,leather,leater
leath,leather,leathh
leathe,leather,leather
eather,leather,eather
2323,232323,232313
23232,232323,232323
232323,232323,232323
4444,4444,444456
beav,beavis,beavis
beavi,beavis,beavis
beavis,beavis,beavis
bigc,bigcock,bigcca
bigco,bigcock,bigcoo
bigcoc,bigcock,bigcoc
igcock,bigcock,igcock
happ,happy,happer
happy,happy,happys
soph,sophie,sopher
sophi,sophie,sophie
sophie,sophie,sophie
ladi,ladies,ladier
ladie,ladies,ladier
ladies,ladies,ladies
naug,naughty,nauger
naugh,naughty,naughe
naught,naughty,naught
aughty,naughty,aughty
gian,giants,gianer
giant,giants,giants
giants,giants,giants
boot,booty,booter
booty,booty,bootyn
blon,blonde,bloner
blond,blonde,blonde
blonde,blonde,blonde
fuck,fucked,fucker
fucke,fucked,fucker
fucked,fucked,fucked
gold,golden,golder
golde,golden,golder
golden,golden,golden
fire,fire,firers
sand,sandra,sandda
sandr,sandra,sandra
sandra,sandra,sandra
pook,pookie,pooker
pooki,pookie,pookie
pookie,pookie,pookie
pack,packers,packer
packe,packers,packer
packer,packers,packer
ackers,packers,ackers
eins,einstein,einsss
einst,einstein,einsts
einste,einstein,einste
instei,einstein,instein
nstein,einstein,nstein
dolp,dolphins,dolple
dolph,dolphins,dolphe
dolphi,dolphins,dolphin
olphin,dolphins,olphin
lphins,dolphins,lphins
chev,chevy,chever
chevy,chevy,chevyt
wins,winston,winsss
winst,winston,winstt
winsto,winston,winston
inston,winston,inston
warr,warrior,warrer
warri,warrior,warrin
warrio,warrior,warrior
arrior,warrior,arrior
samm,sammy,sammer
sammy,sammy,sammys
slut,slut,sluter
8675,8675309,867553
86753,8675309,867533
867530,8675309,8675309
675309,8675309,675309
zxcv,zxcvbnm,zxcver
zxcvb,zxcvbnm,zxcvbn
zxcvbn,zxcvbnm,zxcvbn
xcvbnm,zxcvbnm,xcvbnm
nipp,nipples,nipple
nippl,nipples,nipple
nipple,nipples,nipple
ipples,nipples,ipples
powe,power,powere
power,power,powere
vict,victoria,victer
victo,victoria,victon
victor,victoria,victor
ictori,victoria,ictorir
ctoria,victoria,ctoria
asdf,asdfgh,asdfer
asdfg,asdfgh,asdfgh
asdfgh,asdfgh,asdfgh
vagi,vagina,vagina
vagin,vagina,vagina
vagina,vagina,vagina
toyo,toyota,toyota
toyot,toyota,toyota
toyota,toyota,toyota
trav,travis,travin
travi,travis,travin
travis,travis,travis
hotd,hotdog,hotder
hotdo,hotdog,hotdon
hotdog,hotdog,hotdog
pari,paris,parier
paris,paris,pariss
rock,rock,rocker
xxxx,xxxx,xxxxxx
extr,extreme,extrer
extre,extreme,extrer
extrem,extreme,extreme
xtreme,extreme,xtreme
reds,redskins,redsdr
redsk,redskins,redske
redski,redskins,redskin
edskin,redskins,edskin
dskins,redskins,dskins
erot,erotic,eroter
eroti,erotic,erotie
erotic,erotic,erotic
dirt,dirty,dirter
dirty,dirty,dirtyn
ford,ford,forder
fred,freddy,freddy
fredd,freddy,freddy
freddy,freddy,freddy
arse,arsenal,arseer
arsen,arsenal,arsenn
arsena,arsenal,arsena
rsenal,arsenal,rsenal
acce,access14,acceer
acces,access14,accese
access,access14,access
ccess1,access14,ccess14
cess14,access14,cess14
wolf,wolf,wolfer
nipp,nipple,nipple
nippl,nipple,nipple
nipple,nipple,nipple
ilov,iloveyou,ilover
ilove,iloveyou,ilover
ilovey,iloveyou,ilovey
loveyo,iloveyou,loveyou
oveyou,iloveyou,oveyou
alex,alex,alexis
flor,florida,florer
flori,florida,florie
florid,florida,florid
lorida,florida,lorida
eric,eric,ericcn
lege,legend,legers
legen,legend,legend
legend,legend,legend
movi,movie,movier
movie,movie,movier
succ,success,succer
succe,success,succer
succes,success,succes
uccess,success,uccess
rose,rosebud,rosers
roseb,rosebud,rosebe
rosebu,rosebud,rosebu
osebud,rosebud,osebud
jagu,jaguar,jaguer
jagua,jaguar,jaguar
jaguar,jaguar,jaguar
grea,great,greams
great,great,greats
cool,cool,cooler
coop,cooper,coople
coope,cooper,cooper
cooper,cooper,cooper
1313,1313,131312
scor,scorpio,scorer
scorp,scorpio,scorpn
scorpi,scorpio,scorpion
corpio,scorpio,corpion
moun,mountain,mouner
mount,mountain,mountn
mounta,mountain,mounta
ountai,mountain,ountain
untain,mountain,untain
madi,madison,madier
madis,madison,madiss
madiso,madison,madison
adison,madison,adison
9876,987654,987654
98765,987654,987654
987654,987654,987654
braz,brazil,brazil
brazi,brazil,brazil
brazil,brazil,brazil
laur,lauren,laurer
laure,lauren,laurer
lauren,lauren,lauren
japa,japan,japana
japan,japan,japana
nake,naked,nakeer
naked,naked,nakedr
squi,squirt,squier
squir,squirt,squirt
squirt,squirt,squirt
star,stars,starer
stars,stars,starsr
appl,apple,appler
apple,apple,appler
alex,alexis,alexis
alexi,alexis,alexis
alexis,alexis,alexis
aaaa,aaaa,aaaaaa
bonn,bonnie,bonner
bonni,bonnie,bonnie
bonnie,bonnie,bonnie
peac,peaches,peacca
peach,peaches,peachh
peache,peaches,peache
eaches,peaches,eaches
jasm,jasmine,jasmer
jasmi,jasmine,jasmin
jasmin,jasmine,jasmin
asmine,jasmine,asmine
kevi,kevin,kevier
kevin,kevin,kevina
matt,matt,matter
qwer,qwertyui,qwerer
qwert,qwertyui,qwerty
qwerty,qwertyui,qwerty
wertyu,qwertyui,wertyui
ertyui,qwertyui,ertyui
dani,danielle,danier
danie,danielle,danier
daniel,danielle,daniell
aniell,danielle,aniell
nielle,danielle,nielle
beav,beaver,beavis
beave,beaver,beaver
beaver,beaver,beaver
4321,4321,432123
4128,4128,412877
runn,runner,runner
runne,runner,runner
runner,runner,runner
swim,swimming,swimer
swimm,swimming,swimme
swimmi,swimming,swimmi
wimmin,swimming,wimmin
imming,swimming,imming
dolp,dolphin,dolple
dolph,dolphin,dolphe
dolphi,dolphin,dolphin
olphin,dolphin,olphin
gord,gordon,gorder
gordo,gordon,gordon
gordon,gordon,gordon
casp,casper,casper
caspe,casper,casper
casper,casper,casper
stup,stupid,stuper
stupi,stupid,stupid
stupid,stupid,stupid
shit,shit,shiter
satu,saturn,saturn
satur,saturn,saturn
saturn,saturn,saturn
gemi,gemini,gemina
gemin,gemini,gemina
gemini,gemini,gemini
appl,apples,appler
apple,apples,appler
apples,apples,apples
augu,august,auguer
augus,august,augusr
august,august,august
3333,3333,333333
cana,canada,canana
canad,canada,canada
canada,canada,canada
blaz,blazer,blazer
blaze,blazer,blazer
blazer,blazer,blazer
cumm,cumming,cummer
cummi,cumming,cummie
cummin,cumming,cummin
umming,cumming,umming
hunt,hunting,hunter
hunti,hunting,huntin
huntin,hunting,huntin
unting,hunting,unting
kitt,kitty,kitter
kitty,kitty,kittyn
rain,rainbow,rainer
rainb,rainbow,rainbb
rainbo,rainbow,rainbow
ainbow,rainbow,ainbow
1122,112233,112233
11223,112233,112233
112233,112233,112233
arth,arthur,arther
arthu,arthur,arthur
arthur,arthur,arthur
crea,cream,creams
cream,cream,creams
calv,calvin,calvin
calvi,calvin,calvin
calvin,calvin,calvin
shav,shaved,shaver
shave,shaved,shaver
shaved,shaved,shaved
surf,surfer,surfer
surfe,surfer,surfer
surfer,surfer,surfer
sams,samson,samsss
samso,samson,samson
samson,samson,samson
kell,kelly,keller
kelly,kelly,kellyn
paul,paul,pauler
mine,mine,minert
king,king,kinger
raci,racing,racina
racin,racing,racina
racing,racing,racing
5555,5555,555556
eagl,eagle,eagler
eagle,eagle,eagler
hent,hentai,henter
henta,hentai,hentai
hentai,hentai,hentai
newy,newyork,newyer
newyo,newyork,newyon
newyor,newyork,newyor
ewyork,newyork,ewyork
litt,little,litter
littl,little,little
little,little,little
redw,redwings,redwer
redwi,redwings,redwis
redwin,redwings,redwin
edwing,redwings,edwing
dwings,redwings,dwings
smit,smith,smiter
smith,smith,smithe
stic,sticky,sticke
stick,sticky,sticke
sticky,sticky,sticky
coca,cocacola,cocaaa
cocac,cocacola,cocaca
cocaco,cocacola,cocaco
ocacol,cocacola,ocacol
cacola,cocacola,cacola
anim,animal,animer
anima,animal,animal
animal,animal,animal
bron,broncos,broner
bronc,broncos,bronco
bronco,broncos,bronco
roncos,broncos,roncos
priv,private,priver
priva,private,privaa
privat,private,private
rivate,private,rivate
skip,skippy,skippy
skipp,skippy,skippy
skippy,skippy,skippy
marv,marvin,marvin
marvi,marvin,marvin
marvin,marvin,marvin
blon,blondes,bloner
blond,blondes,blonde
blonde,blondes,blonde
londes,blondes,londes
enjo,enjoy,enjoer
enjoy,enjoy,enjoya
girl,girl,girler
apol,apollo,apoler
apoll,apollo,apolle
apollo,apollo,apollo
park,parker,parker
parke,parker,parker
parker,parker,parker
qwer,qwert,qwerer
qwert,qwert,qwerty
time,time,timert
sydn,sydney,sydner
sydne,sydney,sydner
sydney,sydney,sydney
wome,women,womert
women,women,womena
vood,voodoo,voodon
voodo,voodoo,voodon
voodoo,voodoo,voodoo
magn,magnum,magner
magnu,magnum,magnut
magnum,magnum,magnum
juic,juice,juicer
juice,juice,juicer
abgr,abgrtyu,abgrer
abgrt,abgrtyu,abgrtt
abgrty,abgrtyu,abgrty
bgrtyu,abgrtyu,bgrtyu
7777,777777,777777
77777,777777,777777
777777,777777,777777
drea,dreams,dreams
dream,dreams,dreams
dreams,dreams,dreams
maxw,maxwell,maxwsx
maxwe,maxwell,maxwer
maxwel,maxwell,maxwell
axwell,maxwell,axwell
musi,music,musier
music,music,musica
rush,rush2112,rusher
rush2,rush2112,rush2h
rush21,rush2112,rush2112
ush211,rush2112,ush2111
sh2112,rush2112,sh2112
russ,russia,russss
russi,russia,russia
russia,russia,russia
scor,scorpion,scorer
scorp,scorpion,scorpn
scorpi,scorpion,scorpion
corpio,scorpion,corpion
orpion,scorpion,orpion
rebe,rebecca,rebert
rebec,rebecca,rebecc
rebecc,rebecca,rebecc
ebecca,rebecca,ebecca
test,tester,tester
teste,tester,tester
tester,tester,tester
mist,mistress,mister
mistr,mistress,mistrn
mistre,mistress,mistre
istres,mistress,istres
stress,mistress,stress
phan,phantom,phaner
phant,phantom,phantt
phanto,phantom,phanton
hantom,phantom,hantom
bill,billy,biller
billy,billy,billye
6666,6666,666666
albe,albert,albert
alber,albert,albert
albert,albert,albert
